{"meta": {"format": 3, "version": "7.6.1", "timestamp": "2025-11-15T09:07:40.192253", "branch_coverage": false, "show_contexts": false}, "files": {"src/data_conversion/__init__.py": {"executed_lines": [1, 3, 5, 9, 11], "summary": {"covered_lines": 4, "num_statements": 4, "percent_covered": 100.0, "percent_covered_display": "100", "missing_lines": 0, "excluded_lines": 0}, "missing_lines": [], "excluded_lines": [], "functions": {"": {"executed_lines": [1, 3, 5, 9, 11], "summary": {"covered_lines": 4, "num_statements": 4, "percent_covered": 100.0, "percent_covered_display": "100", "missing_lines": 0, "excluded_lines": 0}, "missing_lines": [], "excluded_lines": []}}, "classes": {"": {"executed_lines": [1, 3, 5, 9, 11], "summary": {"covered_lines": 4, "num_statements": 4, "percent_covered": 100.0, "percent_covered_display": "100", "missing_lines": 0, "excluded_lines": 0}, "missing_lines": [], "excluded_lines": []}}}, "src/data_conversion/data_conversion.py": {"executed_lines": [1, 7, 9, 10, 12, 13, 15, 16, 17, 25, 26, 27, 29, 32, 47, 48, 49, 50, 51, 52, 55, 57, 59, 60, 63, 72, 79, 84, 85, 88, 103, 104, 105, 106, 107, 109, 111, 115, 116, 119, 135, 136, 137, 139, 140, 141, 142, 143, 145, 148, 149, 150, 153, 156, 159, 160, 161, 162, 164, 165, 168, 178, 179, 180, 181, 182, 184, 185, 186, 187, 190, 205, 206, 207, 209, 210, 211, 212, 213, 215, 216, 218, 221, 230, 239, 240, 243, 246, 255, 258, 261, 267, 273, 279, 282, 299, 300, 301, 302, 304, 305, 306, 307, 308, 311, 312, 313, 314, 317, 320, 321, 322, 325, 338, 347, 349, 354, 359, 362, 380, 381, 382, 383, 384, 385, 386, 388, 389, 390, 392, 393, 394, 401, 402, 405, 415, 416, 417, 419, 420, 421, 423, 425, 426, 428, 429, 431, 432, 440, 459, 460, 462, 463, 466, 467, 468, 471, 487, 493, 496, 497, 502, 503, 505, 506, 508, 515], "summary": {"covered_lines": 166, "num_statements": 183, "percent_covered": 90.7103825136612, "percent_covered_display": "91", "missing_lines": 17, "excluded_lines": 0}, "missing_lines": [112, 113, 335, 498, 499, 501, 534, 537, 538, 539, 540, 542, 543, 544, 546, 548, 552], "excluded_lines": [], "functions": {"_load_dataset_file": {"executed_lines": [47, 48, 49, 50, 51, 52, 55, 57, 59, 60], "summary": {"covered_lines": 10, "num_statements": 10, "percent_covered": 100.0, "percent_covered_display": "100", "missing_lines": 0, "excluded_lines": 0}, "missing_lines": [], "excluded_lines": []}, "_standardize_column_names": {"executed_lines": [72, 79, 84, 85], "summary": {"covered_lines": 4, "num_statements": 4, "percent_covered": 100.0, "percent_covered_display": "100", "missing_lines": 0, "excluded_lines": 0}, "missing_lines": [], "excluded_lines": []}, "load_filtered_dataset": {"executed_lines": [103, 104, 105, 106, 107, 109, 111, 115, 116], "summary": {"covered_lines": 9, "num_statements": 11, "percent_covered": 81.81818181818181, "percent_covered_display": "82", "missing_lines": 2, "excluded_lines": 0}, "missing_lines": [112, 113], "excluded_lines": []}, "compute_liquidity_weights": {"executed_lines": [135, 136, 137, 139, 140, 141, 142, 143, 145, 148, 149, 150, 153, 156, 159, 160, 161, 162, 164, 165], "summary": {"covered_lines": 20, "num_statements": 20, "percent_covered": 100.0, "percent_covered_display": "100", "missing_lines": 0, "excluded_lines": 0}, "missing_lines": [], "excluded_lines": []}, "save_liquidity_weights": {"executed_lines": [178, 179, 180, 181, 182, 184, 185, 186, 187], "summary": {"covered_lines": 9, "num_statements": 9, "percent_covered": 100.0, "percent_covered_display": "100", "missing_lines": 0, "excluded_lines": 0}, "missing_lines": [], "excluded_lines": []}, "compute_log_returns": {"executed_lines": [205, 206, 207, 209, 210, 211, 212, 213, 215, 216, 218, 221], "summary": {"covered_lines": 12, "num_statements": 12, "percent_covered": 100.0, "percent_covered_display": "100", "missing_lines": 0, "excluded_lines": 0}, "missing_lines": [], "excluded_lines": []}, "_compute_weighted_log_returns_per_ticker": {"executed_lines": [239, 240, 243], "summary": {"covered_lines": 3, "num_statements": 3, "percent_covered": 100.0, "percent_covered_display": "100", "missing_lines": 0, "excluded_lines": 0}, "missing_lines": [], "excluded_lines": []}, "_aggregate_weighted_returns": {"executed_lines": [255, 258], "summary": {"covered_lines": 2, "num_statements": 2, "percent_covered": 100.0, "percent_covered_display": "100", "missing_lines": 0, "excluded_lines": 0}, "missing_lines": [], "excluded_lines": []}, "_create_empty_aggregated_returns": {"executed_lines": [267, 273, 279], "summary": {"covered_lines": 3, "num_statements": 3, "percent_covered": 100.0, "percent_covered_display": "100", "missing_lines": 0, "excluded_lines": 0}, "missing_lines": [], "excluded_lines": []}, "compute_weighted_aggregated_returns": {"executed_lines": [299, 300, 301, 302, 304, 305, 306, 307, 308, 311, 312, 313, 314, 317, 320, 321, 322], "summary": {"covered_lines": 17, "num_statements": 17, "percent_covered": 100.0, "percent_covered_display": "100", "missing_lines": 0, "excluded_lines": 0}, "missing_lines": [], "excluded_lines": []}, "_compute_weighted_avg": {"executed_lines": [], "summary": {"covered_lines": 0, "num_statements": 1, "percent_covered": 0.0, "percent_covered_display": "0", "missing_lines": 1, "excluded_lines": 0}, "missing_lines": [335], "excluded_lines": []}, "_aggregate_weighted_prices_by_date": {"executed_lines": [347, 354, 359], "summary": {"covered_lines": 3, "num_statements": 3, "percent_covered": 100.0, "percent_covered_display": "100", "missing_lines": 0, "excluded_lines": 0}, "missing_lines": [], "excluded_lines": []}, "_aggregate_weighted_prices_by_date.compute_weighted_averages": {"executed_lines": [349], "summary": {"covered_lines": 1, "num_statements": 1, "percent_covered": 100.0, "percent_covered_display": "100", "missing_lines": 0, "excluded_lines": 0}, "missing_lines": [], "excluded_lines": []}, "compute_weighted_prices": {"executed_lines": [380, 381, 382, 383, 384, 385, 386, 388, 389, 390, 392, 393, 394, 401, 402], "summary": {"covered_lines": 15, "num_statements": 15, "percent_covered": 100.0, "percent_covered_display": "100", "missing_lines": 0, "excluded_lines": 0}, "missing_lines": [], "excluded_lines": []}, "save_weighted_returns": {"executed_lines": [415, 416, 417, 419, 420, 421, 423, 425, 426, 428, 429, 431, 432], "summary": {"covered_lines": 13, "num_statements": 13, "percent_covered": 100.0, "percent_covered_display": "100", "missing_lines": 0, "excluded_lines": 0}, "missing_lines": [], "excluded_lines": []}, "_run_weighted_conversion_pipeline": {"executed_lines": [459, 460, 462, 463, 466, 467, 468], "summary": {"covered_lines": 7, "num_statements": 7, "percent_covered": 100.0, "percent_covered_display": "100", "missing_lines": 0, "excluded_lines": 0}, "missing_lines": [], "excluded_lines": []}, "compute_weighted_log_returns": {"executed_lines": [487, 493, 496, 497, 502, 503, 505, 506, 508], "summary": {"covered_lines": 9, "num_statements": 12, "percent_covered": 75.0, "percent_covered_display": "75", "missing_lines": 3, "excluded_lines": 0}, "missing_lines": [498, 499, 501], "excluded_lines": []}, "compute_weighted_log_returns_no_lookahead": {"executed_lines": [], "summary": {"covered_lines": 0, "num_statements": 11, "percent_covered": 0.0, "percent_covered_display": "0", "missing_lines": 11, "excluded_lines": 0}, "missing_lines": [534, 537, 538, 539, 540, 542, 543, 544, 546, 548, 552], "excluded_lines": []}, "": {"executed_lines": [1, 7, 9, 10, 12, 13, 15, 16, 17, 25, 26, 27, 29, 32, 63, 88, 119, 168, 190, 230, 246, 261, 282, 325, 338, 362, 405, 440, 471, 515], "summary": {"covered_lines": 29, "num_statements": 29, "percent_covered": 100.0, "percent_covered_display": "100", "missing_lines": 0, "excluded_lines": 0}, "missing_lines": [], "excluded_lines": []}},