{
  "stationary": true,
  "alpha": 0.05,
  "adf": {
    "statistic": -16.077396894675143,
    "p_value": 5.424480631774373e-29,
    "lags": 2,
    "nobs": 619,
    "critical_values": {
      "1%": -3.440958441424668,
      "5%": -2.86622052433566,
      "10%": -2.569262629991048
    }
  },
  "kpss": {
    "statistic": 0.03771992362052568,
    "p_value": 0.1,
    "lags": 9,
    "nobs": 622,
    "critical_values": {
      "10%": 0.347,
      "5%": 0.463,
      "2.5%": 0.574,
      "1%": 0.739
    }
  },
  "zivot_andrews": {
    "statistic": -16.241380279372184,
    "p_value": 1e-05,
    "break_index": null,
    "break_date": null,
    "lags": 2,
    "nobs": 372,
    "critical_values": {
      "1%": -5.27644,
      "5%": -4.81067,
      "10%": -4.56618
    },
    "model": "c"
  }
}